<?xml version="1.0" encoding="UTF-8"?>
<hazelcast
        xsi:schemaLocation="http://www.hazelcast.com/schema/config http://www.hazelcast.com/schema/config/hazelcast-config-3.10.xsd"
        xmlns="http://www.hazelcast.com/schema/config"
        xmlns:xsi="http://www.w3.org/2001/XMLSchema-instance">

    <properties>
        <property name="hazelcast.phone.home.enabled">false</property>
        <property name="hazelcast.logging.type">slf4j</property>
    </properties>
    <group>
        <name>benchmark</name>
        <password>benchmark-pass</password>
    </group>
    <license-key>HazelcastEnterprise#9999Nodes#9999Clients#HDMemory:99999999GB#w7yAkRj1IbHcBfVimEOuKr638599939999peZ319999z05999Wn149zGxG09</license-key>
    <!-- Enable Management Center if needed -->
    <management-center enabled="true">http://localhost:8080/hazelcast-mancenter</management-center>
    <network>
        <port auto-increment="true" >5710</port>
        <outbound-ports>
            <ports>0</ports>
        </outbound-ports>
        <join>
            <multicast enabled="false"/>
            <tcp-ip enabled="true">
                <interface>localhost:5710</interface>
                <interface>localhost:5711</interface>
            </tcp-ip>
        </join>
        <interfaces>
            <interface>localhost:5710</interface>
        </interfaces>
    </network>
    <map name="RiskTradeMap">
        <async-backup-count>0</async-backup-count>
        <backup-count>1</backup-count>
    </map>



    <cache name="RiskTradeMap-offheap">
        <in-memory-format>NATIVE</in-memory-format>
        <async-backup-count>0</async-backup-count>
        <backup-count>0</backup-count>
        <eviction max-size-policy="USED_NATIVE_MEMORY_PERCENTAGE" size="80"/>
    </cache>

    <native-memory allocator-type="POOLED" enabled="true">
        <size unit="MEGABYTES" value="200" />
        <metadata-space-percentage>25</metadata-space-percentage>
    </native-memory>

    <serialization>
        <portable-factories>
            <portable-factory factory-id="1">
                com.hazelcast.poc.domain.portable.RiskTradePortableFactory
            </portable-factory>
        </portable-factories>
    </serialization>
</hazelcast>
