<?xml version="1.0" encoding="UTF-8"?>

<configuration>

    <appender name="STDOUT" class="ch.qos.logback.core.ConsoleAppender">
        <!-- encoders are assigned the type
             ch.qos.logback.classic.encoder.PatternLayoutEncoder by default -->
        <encoder>
            <pattern>%d{HH:mm:ss.SSS} [%thread] %-5level %logger{5} - %msg%n</pattern>
        </encoder>
    </appender>

    <appender name="FILE" class="ch.qos.logback.core.FileAppender">
        <file>logs/benchmark.log</file>
        <append>true</append>
        <encoder>
            <pattern>%d{HH:mm:ss.SSS} [%thread] %-5level %logger{5} - %msg%n</pattern>
        </encoder>
    </appender>

    <logger name="com.hazelcast" level="DEBUG" additivity="false">
        <appender-ref ref="FILE"/>
        <appender-ref ref="STDOUT"/>
    </logger>

    <logger name="org.apache" level="DEBUG" additivity="false">
        <appender-ref ref="FILE"/>
        <appender-ref ref="STDOUT"/>
    </logger>

    <!-- Strictly speaking, the level attribute is not necessary since -->
    <!-- the level of the root level is set to DEBUG by default.       -->
    <root level="INFO">
        <appender-ref ref="STDOUT"/>
    </root>

</configuration>
